{"lr": 3.0, "loss_train": 4.719944000244141, "global_step": 139, "_runtime": 320, "_timestamp": 1633724737, "_step": 146, "epoch_loss_train": 4.721857810020447, "epoch_timings_train": 46.9426383972168, "avg_step_timings_train": 0.5781309723854064, "epoch": 6}