{"lr": 1.0, "loss_train": 4.570559978485107, "global_step": 59, "_runtime": 156, "_timestamp": 1633724315, "_step": 62, "epoch_loss_train": 4.7109225511550905, "epoch_timings_train": 47.68769454956055, "avg_step_timings_train": 0.5736143946647644, "epoch": 2}