{"epoch_loss_train": 3.2795125113593206, "epoch_top1_train": 24.353333331976998, "epoch_top5_train": 51.18444444037544, "epoch_top1_test": 12.850000095367431, "epoch_top5_test": 33.27000064849854, "epoch_timings": 0.48935627937316895, "lr": 9.956906688035616e-09, "epoch": 99, "_runtime": 567, "_timestamp": 1635709071, "_step": 99, "best_weight_decay": 0.0001, "best_batch_size": 128, "best_init_lr": 5.0, "_wandb": {"runtime": 566}}